Scenario,Wall Thickness (mm),Valve Closure Time (s),Temperature Rise (°C),Stress Concentration Factor,Max Pressure (MPa),Max von Mises Stress (MPa),Final Fatigue Damage,Health Index (%),Risk Level,Factor of Safety,Static Safety Check
Baseline,12.0,2.0,30,1.5,2.3362660974173406,125.14655650061319,2.5530318072077705e-11,99.99999999744696,Safe,1.997657842057964,Pass
Thin Wall,6.0,2.0,30,1.5,2.336266094767047,166.29685017932437,7.644942355126931e-10,99.99999992355058,Monitor,1.5033357500783404,Pass
Fast Valve Closure,12.0,0.5,30,1.5,2.4007430351858092,126.03714784715724,4.205849311290042e-11,99.99999999579416,Safe,1.983542187920422,Pass
High Temperature Rise,12.0,2.0,70,1.5,2.336266097430933,259.8108169495791,2.7048773539657552e-12,99.99999999972951,Warning,0.962238612445905,Fail
High-Risk Elbow,6.0,0.5,70,2.0,2.40071266198489,378.0394413217589,5.50801877303619e-10,99.99999994491982,Critical,0.6613066592361687,Fail
